date,trend,ticker
2024-12-29,29,AAPL
2025-01-05,32,AAPL
2025-01-12,34,AAPL
2025-01-19,40,AAPL
2025-01-26,73,AAPL
2025-02-02,46,AAPL
2025-02-09,38,AAPL
2025-02-16,33,AAPL
2025-02-23,38,AAPL
2025-03-02,37,AAPL
2025-03-09,43,AAPL
2025-03-16,33,AAPL
2025-03-23,29,AAPL
2025-03-30,66,AAPL
2025-04-06,100,AAPL
2025-04-13,57,AAPL
2025-04-20,44,AAPL
2025-04-27,55,AAPL
2025-05-04,43,AAPL
2025-05-11,45,AAPL
2025-05-18,39,AAPL
2025-05-25,34,AAPL
2025-06-01,33,AAPL
2025-06-08,41,AAPL
2025-06-15,28,AAPL
2025-06-22,35,AAPL
2025-06-29,34,AAPL
2025-07-06,33,AAPL
2025-07-13,34,AAPL
2025-07-20,38,AAPL
2025-07-27,66,AAPL
2025-08-03,85,AAPL
2025-08-10,85,AAPL
2025-08-17,68,AAPL
2025-08-24,57,AAPL
2025-08-31,60,AAPL
2025-09-07,78,AAPL
2025-09-14,58,AAPL
2025-09-21,64,AAPL
2025-09-28,53,AAPL
2025-10-05,43,AAPL
2025-10-12,42,AAPL
2025-10-19,55,AAPL
2025-10-26,74,AAPL
2025-11-02,47,AAPL
2025-11-09,48,AAPL
2025-11-16,43,AAPL
2025-11-23,36,AAPL
2025-11-30,43,AAPL
2025-12-07,39,AAPL
2025-12-14,37,AAPL
2025-12-21,27,AAPL
2025-12-28,25,AAPL
2026-01-04,37,AAPL
2026-01-11,39,AAPL
2026-01-18,38,AAPL
2026-01-25,61,AAPL
2026-02-01,49,AAPL
2026-02-08,48,AAPL
2026-02-15,40,AAPL
2026-02-22,45,AAPL
2026-03-01,44,AAPL
2026-03-08,41,AAPL
2026-03-15,87,AAPL
2026-03-22,45,AAPL
2026-03-29,48,AAPL
2026-04-05,45,AAPL
2026-04-12,52,AAPL
2026-04-19,56,AAPL
2026-04-26,48,AAPL
2026-05-03,34,AAPL
2026-05-10,10,AAPL
2024-12-29,19,MSFT
2025-01-05,22,MSFT
2025-01-12,26,MSFT
2025-01-19,31,MSFT
2025-01-26,70,MSFT
2025-02-02,35,MSFT
2025-02-09,27,MSFT
2025-02-16,28,MSFT
2025-02-23,36,MSFT
2025-03-02,33,MSFT
2025-03-09,32,MSFT
2025-03-16,26,MSFT
2025-03-23,23,MSFT
2025-03-30,39,MSFT
2025-04-06,46,MSFT
2025-04-13,27,MSFT
2025-04-20,27,MSFT
2025-04-27,55,MSFT
2025-05-04,31,MSFT
2025-05-11,36,MSFT
2025-05-18,26,MSFT
2025-05-25,24,MSFT
2025-06-01,30,MSFT
2025-06-08,30,MSFT
2025-06-15,27,MSFT
2025-06-22,35,MSFT
2025-06-29,30,MSFT
2025-07-06,31,MSFT
2025-07-13,31,MSFT
2025-07-20,32,MSFT
2025-07-27,72,MSFT
2025-08-03,49,MSFT
2025-08-10,52,MSFT
2025-08-17,49,MSFT
2025-08-24,42,MSFT
2025-08-31,40,MSFT
2025-09-07,45,MSFT
2025-09-14,40,MSFT
2025-09-21,37,MSFT
2025-09-28,37,MSFT
2025-10-05,36,MSFT
2025-10-12,33,MSFT
2025-10-19,34,MSFT
2025-10-26,70,MSFT
2025-11-02,42,MSFT
2025-11-09,37,MSFT
2025-11-16,42,MSFT
2025-11-23,32,MSFT
2025-11-30,33,MSFT
2025-12-07,34,MSFT
2025-12-14,31,MSFT
2025-12-21,22,MSFT
2025-12-28,24,MSFT
2026-01-04,31,MSFT
2026-01-11,35,MSFT
2026-01-18,39,MSFT
2026-01-25,100,MSFT
2026-02-01,88,MSFT
2026-02-08,60,MSFT
2026-02-15,50,MSFT
2026-02-22,64,MSFT
2026-03-01,54,MSFT
2026-03-08,47,MSFT
2026-03-15,77,MSFT
2026-03-22,63,MSFT
2026-03-29,58,MSFT
2026-04-05,59,MSFT
2026-04-12,73,MSFT
2026-04-19,61,MSFT
2026-04-26,71,MSFT
2026-05-03,41,MSFT
2026-05-10,12,MSFT
2024-12-29,25,AMZN
2025-01-05,29,AMZN
2025-01-12,29,AMZN
2025-01-19,34,AMZN
2025-01-26,43,AMZN
2025-02-02,65,AMZN
2025-02-09,36,AMZN
2025-02-16,31,AMZN
2025-02-23,40,AMZN
2025-03-02,43,AMZN
2025-03-09,42,AMZN
2025-03-16,35,AMZN
2025-03-23,33,AMZN
2025-03-30,62,AMZN
2025-04-06,68,AMZN
2025-04-13,36,AMZN
2025-04-20,46,AMZN
2025-04-27,62,AMZN
2025-05-04,37,AMZN
2025-05-11,51,AMZN
2025-05-18,34,AMZN
2025-05-25,30,AMZN
2025-06-01,32,AMZN
2025-06-08,34,AMZN
2025-06-15,28,AMZN
2025-06-22,35,AMZN
2025-06-29,30,AMZN
2025-07-06,34,AMZN
2025-07-13,33,AMZN
2025-07-20,37,AMZN
2025-07-27,71,AMZN
2025-08-03,53,AMZN
2025-08-10,53,AMZN
2025-08-17,47,AMZN
2025-08-24,42,AMZN
2025-08-31,41,AMZN
2025-09-07,42,AMZN
2025-09-14,43,AMZN
2025-09-21,47,AMZN
2025-09-28,44,AMZN
2025-10-05,44,AMZN
2025-10-12,44,AMZN
2025-10-19,57,AMZN
2025-10-26,100,AMZN
2025-11-02,66,AMZN
2025-11-09,45,AMZN
2025-11-16,48,AMZN
2025-11-23,38,AMZN
2025-11-30,40,AMZN
2025-12-07,35,AMZN
2025-12-14,39,AMZN
2025-12-21,31,AMZN
2025-12-28,28,AMZN
2026-01-04,43,AMZN
2026-01-11,41,AMZN
2026-01-18,38,AMZN
2026-01-25,48,AMZN
2026-02-01,81,AMZN
2026-02-08,60,AMZN
2026-02-15,50,AMZN
2026-02-22,48,AMZN
2026-03-01,47,AMZN
2026-03-08,38,AMZN
2026-03-15,75,AMZN
2026-03-22,39,AMZN
2026-03-29,38,AMZN
2026-04-05,47,AMZN
2026-04-12,56,AMZN
2026-04-19,53,AMZN
2026-04-26,62,AMZN
2026-05-03,42,AMZN
2026-05-10,9,AMZN
2024-12-29,49,GOOGL
2025-01-05,55,GOOGL
2025-01-12,59,GOOGL
2025-01-19,59,GOOGL
2025-01-26,63,GOOGL
2025-02-02,76,GOOGL
2025-02-09,64,GOOGL
2025-02-16,57,GOOGL
2025-02-23,64,GOOGL
2025-03-02,61,GOOGL
2025-03-09,62,GOOGL
2025-03-16,63,GOOGL
2025-03-23,61,GOOGL
2025-03-30,66,GOOGL
2025-04-06,65,GOOGL
2025-04-13,60,GOOGL
2025-04-20,68,GOOGL
2025-04-27,62,GOOGL
2025-05-04,68,GOOGL
2025-05-11,68,GOOGL
2025-05-18,66,GOOGL
2025-05-25,57,GOOGL
2025-06-01,63,GOOGL
2025-06-08,61,GOOGL
2025-06-15,60,GOOGL
2025-06-22,62,GOOGL
2025-06-29,56,GOOGL
2025-07-06,57,GOOGL
2025-07-13,60,GOOGL
2025-07-20,73,GOOGL
2025-07-27,63,GOOGL
2025-08-03,69,GOOGL
2025-08-10,72,GOOGL
2025-08-17,73,GOOGL
2025-08-24,66,GOOGL
2025-08-31,82,GOOGL
2025-09-07,75,GOOGL
2025-09-14,76,GOOGL
2025-09-21,70,GOOGL
2025-09-28,69,GOOGL
2025-10-05,69,GOOGL
2025-10-12,68,GOOGL
2025-10-19,71,GOOGL
2025-10-26,82,GOOGL
2025-11-02,70,GOOGL
2025-11-09,71,GOOGL
2025-11-16,83,GOOGL
2025-11-23,80,GOOGL
2025-11-30,74,GOOGL
2025-12-07,73,GOOGL
2025-12-14,71,GOOGL
2025-12-21,54,GOOGL
2025-12-28,54,GOOGL
2026-01-04,70,GOOGL
2026-01-11,70,GOOGL
2026-01-18,71,GOOGL
2026-01-25,75,GOOGL
2026-02-01,87,GOOGL
2026-02-08,71,GOOGL
2026-02-15,66,GOOGL
2026-02-22,74,GOOGL
2026-03-01,71,GOOGL
2026-03-08,64,GOOGL
2026-03-15,100,GOOGL
2026-03-22,73,GOOGL
2026-03-29,67,GOOGL
2026-04-05,65,GOOGL
2026-04-12,70,GOOGL
2026-04-19,70,GOOGL
2026-04-26,70,GOOGL
2026-05-03,61,GOOGL
2026-05-10,42,GOOGL
2024-12-29,51,META
2025-01-05,58,META
2025-01-12,58,META
2025-01-19,59,META
2025-01-26,60,META
2025-02-02,52,META
2025-02-09,53,META
2025-02-16,50,META
2025-02-23,51,META
2025-03-02,50,META
2025-03-09,48,META
2025-03-16,50,META
2025-03-23,53,META
2025-03-30,70,META
2025-04-06,60,META
2025-04-13,53,META
2025-04-20,53,META
2025-04-27,57,META
2025-05-04,55,META
2025-05-11,61,META
2025-05-18,56,META
2025-05-25,66,META
2025-06-01,55,META
2025-06-08,57,META
2025-06-15,58,META
2025-06-22,61,META
2025-06-29,59,META
2025-07-06,57,META
2025-07-13,56,META
2025-07-20,62,META
2025-07-27,74,META
2025-08-03,76,META
2025-08-10,85,META
2025-08-17,85,META
2025-08-24,80,META
2025-08-31,75,META
2025-09-07,79,META
2025-09-14,87,META
2025-09-21,88,META
2025-09-28,88,META
2025-10-05,89,META
2025-10-12,79,META
2025-10-19,84,META
2025-10-26,93,META
2025-11-02,85,META
2025-11-09,88,META
2025-11-16,96,META
2025-11-23,100,META
2025-11-30,97,META
2025-12-07,92,META
2025-12-14,90,META
2025-12-21,90,META
2025-12-28,85,META
2026-01-04,83,META
2026-01-11,82,META
2026-01-18,79,META
2026-01-25,86,META
2026-02-01,76,META
2026-02-08,76,META
2026-02-15,80,META
2026-02-22,81,META
2026-03-01,80,META
2026-03-08,83,META
2026-03-15,88,META
2026-03-22,91,META
2026-03-29,95,META
2026-04-05,94,META
2026-04-12,96,META
2026-04-19,91,META
2026-04-26,72,META
2026-05-03,69,META
2026-05-10,58,META
2024-12-29,52,AMD
2025-01-05,58,AMD
2025-01-12,53,AMD
2025-01-19,48,AMD
2025-01-26,53,AMD
2025-02-02,59,AMD
2025-02-09,49,AMD
2025-02-16,50,AMD
2025-02-23,54,AMD
2025-03-02,60,AMD
2025-03-09,50,AMD
2025-03-16,50,AMD
2025-03-23,47,AMD
2025-03-30,48,AMD
2025-04-06,48,AMD
2025-04-13,43,AMD
2025-04-20,46,AMD
2025-04-27,44,AMD
2025-05-04,46,AMD
2025-05-11,47,AMD
2025-05-18,44,AMD
2025-05-25,44,AMD
2025-06-01,46,AMD
2025-06-08,47,AMD
2025-06-15,50,AMD
2025-06-22,48,AMD
2025-06-29,45,AMD
2025-07-06,48,AMD
2025-07-13,52,AMD
2025-07-20,53,AMD
2025-07-27,58,AMD
2025-08-03,76,AMD
2025-08-10,76,AMD
2025-08-17,72,AMD
2025-08-24,67,AMD
2025-08-31,69,AMD
2025-09-07,65,AMD
2025-09-14,64,AMD
2025-09-21,66,AMD
2025-09-28,69,AMD
2025-10-05,100,AMD
2025-10-12,77,AMD
2025-10-19,72,AMD
2025-10-26,71,AMD
2025-11-02,73,AMD
2025-11-09,77,AMD
2025-11-16,73,AMD
2025-11-23,80,AMD
2025-11-30,73,AMD
2025-12-07,65,AMD
2025-12-14,69,AMD
2025-12-21,60,AMD
2025-12-28,58,AMD
2026-01-04,59,AMD
2026-01-11,56,AMD
2026-01-18,61,AMD
2026-01-25,61,AMD
2026-02-01,65,AMD
2026-02-08,55,AMD
2026-02-15,54,AMD
2026-02-22,59,AMD
2026-03-01,58,AMD
2026-03-08,57,AMD
2026-03-15,56,AMD
2026-03-22,64,AMD
2026-03-29,71,AMD
2026-04-05,76,AMD
2026-04-12,75,AMD
2026-04-19,74,AMD
2026-04-26,52,AMD
2026-05-03,67,AMD
2026-05-10,54,AMD
2024-12-29,25,LLY
2025-01-05,26,LLY
2025-01-12,39,LLY
2025-01-19,30,LLY
2025-01-26,31,LLY
2025-02-02,39,LLY
2025-02-09,29,LLY
2025-02-16,26,LLY
2025-02-23,34,LLY
2025-03-02,33,LLY
2025-03-09,28,LLY
2025-03-16,26,LLY
2025-03-23,26,LLY
2025-03-30,32,LLY
2025-04-06,34,LLY
2025-04-13,35,LLY
2025-04-20,32,LLY
2025-04-27,41,LLY
2025-05-04,34,LLY
2025-05-11,42,LLY
2025-05-18,32,LLY
2025-05-25,29,LLY
2025-06-01,29,LLY
2025-06-08,31,LLY
2025-06-15,28,LLY
2025-06-22,29,LLY
2025-06-29,26,LLY
2025-07-06,28,LLY
2025-07-13,31,LLY
2025-07-20,31,LLY
2025-07-27,44,LLY
2025-08-03,100,LLY
2025-08-10,99,LLY
2025-08-17,68,LLY
2025-08-24,55,LLY
2025-08-31,44,LLY
2025-09-07,39,LLY
2025-09-14,45,LLY
2025-09-21,42,LLY
2025-09-28,52,LLY
2025-10-05,38,LLY
2025-10-12,40,LLY
2025-10-19,34,LLY
2025-10-26,44,LLY
2025-11-02,50,LLY
2025-11-09,51,LLY
2025-11-16,48,LLY
2025-11-23,42,LLY
2025-11-30,41,LLY
2025-12-07,40,LLY
2025-12-14,39,LLY
2025-12-21,34,LLY
2025-12-28,34,LLY
2026-01-04,45,LLY
2026-01-11,39,LLY
2026-01-18,36,LLY
2026-01-25,38,LLY
2026-02-01,50,LLY
2026-02-08,39,LLY
2026-02-15,33,LLY
2026-02-22,39,LLY
2026-03-01,38,LLY
2026-03-08,38,LLY
2026-03-15,40,LLY
2026-03-22,37,LLY
2026-03-29,39,LLY
2026-04-05,40,LLY
2026-04-12,40,LLY
2026-04-19,41,LLY
2026-04-26,44,LLY
2026-05-03,32,LLY
2026-05-10,15,LLY
2024-12-29,44,LAC
2025-01-05,38,LAC
2025-01-12,37,LAC
2025-01-19,35,LAC
2025-01-26,36,LAC
2025-02-02,36,LAC
2025-02-09,37,LAC
2025-02-16,38,LAC
2025-02-23,38,LAC
2025-03-02,42,LAC
2025-03-09,37,LAC
2025-03-16,39,LAC
2025-03-23,38,LAC
2025-03-30,42,LAC
2025-04-06,43,LAC
2025-04-13,42,LAC
2025-04-20,44,LAC
2025-04-27,53,LAC
2025-05-04,44,LAC
2025-05-11,49,LAC
2025-05-18,46,LAC
2025-05-25,58,LAC
2025-06-01,48,LAC
2025-06-08,55,LAC
2025-06-15,62,LAC
2025-06-22,64,LAC
2025-06-29,68,LAC
2025-07-06,66,LAC
2025-07-13,74,LAC
2025-07-20,70,LAC
2025-07-27,78,LAC
2025-08-03,91,LAC
2025-08-10,100,LAC
2025-08-17,73,LAC
2025-08-24,56,LAC
2025-08-31,49,LAC
2025-09-07,44,LAC
2025-09-14,43,LAC
2025-09-21,44,LAC
2025-09-28,43,LAC
2025-10-05,41,LAC
2025-10-12,42,LAC
2025-10-19,41,LAC
2025-10-26,39,LAC
2025-11-02,40,LAC
2025-11-09,37,LAC
2025-11-16,36,LAC
2025-11-23,35,LAC
2025-11-30,36,LAC
2025-12-07,35,LAC
2025-12-14,36,LAC
2025-12-21,38,LAC
2025-12-28,39,LAC
2026-01-04,40,LAC
2026-01-11,46,LAC
2026-01-18,43,LAC
2026-01-25,40,LAC
2026-02-01,44,LAC
2026-02-08,42,LAC
2026-02-15,42,LAC
2026-02-22,43,LAC
2026-03-01,45,LAC
2026-03-08,43,LAC
2026-03-15,43,LAC
2026-03-22,43,LAC
2026-03-29,45,LAC
2026-04-05,48,LAC
2026-04-12,49,LAC
2026-04-19,53,LAC
2026-04-26,45,LAC
2026-05-03,48,LAC
2026-05-10,58,LAC
